Polish,English
nie,"no, not"
to,this
się,myself
na,on
co,What
że,That
jest,Is
do,down
tak,Yes
jak,How
mnie,me
ale,But
mi,me
za,for
ja,I
ci,you
tu,here
go,him
tego,this
tym,this
ty,you
czy,Whether
tylko,Just
po,after
jestem,I am
cię,you
ma,has
może,Maybe
już,Already
mam,I have
jesteś,You are
pan,you
coś,something
dla,For
wiem,I know
dobrze,All right
jeśli,If
od,From
teraz,Now
proszę,Please
tam,there
wszystko,All
masz,You have
więc,So
nic,nothing
być,to be
będzie,will be
gdzie,Where
są,are
on,he
mogę,I can
ten,this
ciebie,you
sobie,yourself
wiesz,You know
ze,That
bardzo,Very
jej,her
kiedy,When
był,was
jeszcze,still
nas,us
chcę,I want
mój,my
było,was
no,yeah
przez,By
by,by
pani,you
ją,I
jego,his
ich,their
dlaczego,Why
chcesz,You want
żeby,To
tutaj,here
mamy,We have
też,Too
bo,because
dobra,All right
kto,Who
nigdy,Never
przepraszam,Sorry
mu,him
naprawdę,Really
możesz,You can
chyba,I guess
porządku,okay
dziękuję,Thank you
muszę,I have to
panie,sir
właśnie,Exactly
ona,She
domu,home
zrobić,to do
nawet,even
gdy,When
prawda,True
te,these
nam,us
będę,I will
zawsze,Always
bez,without
nim,him
je,eats
była,was
jesteśmy,we are
dzięki,Thanks
tej,this one
moja,My
trochę,A bit
ktoś,someone
musisz,you have to
cześć,Hi
hej,hey
lat,years
moje,my
pana,sir
musimy,we have to
dalej,next
twój,your
wszyscy,all
czas,time
chce,I want
który,which
więcej,more
tobą,you
boże,God
powiedzieć,to say
sam,alone
chodzi,goes
czego,what
ta,yeah
możemy,We can
albo,or
mną,me
razem,Together
niech,let
dobry,Good
raz,once
stało,happened
was,mustache
czym,what
prostu,simply
będziesz,you will
chodź,come
czemu,Why
przed,Before
ludzi,people
daj,give
ludzie,People
dzień,Day
przy,by
życie,life
niż,than
robisz,you do
myślę,I think
lepiej,Better
kim,who
myślisz,Do you think
miał,had
my,we
nikt,nobody
czasu,time
powiedz,Say
rzeczy,things
twoja,your
tych,these
stąd,hence
niego,him
mówi,says
im,them
temu,ago
jeden,one
pod,under
musi,has to
siebie,myself
twoje,your
powiedział,he said
oczywiście,Of course
ok,ok
moim,mine
oni,they
dwa,two
które,which
pewnie,Sure
dziś,today
kurwa,whore
wie,he knows
taki,such
aby,To
skąd,from where
cholera,cholera
dzieje,happening
wygląda,looks
wtedy,then
mojego,mine
takie,such
ile,How many
wszystkie,all
mieć,to have
dlatego,Which is why
znaczy,means
będziemy,we will
potem,then
jasne,Of course
iść,to go
dużo,A lot
cóż,Well
tę,these
byłem,I was
rozumiem,I see
wam,to you
miejsce,place
cały,whole
trzeba,it's necessary to
moją,My
można,you can
pomóc,help
jako,as
nich,them
szybko,Quick
jakiś,some
mojej,mine
nią,her
mają,May
wszystkich,everyone
jakieś,some
wiedzieć,know
swoje,own
przykro,I'm sorry
stary,old
zaraz,In a second
myśli,thinks
dzieci,kids
nad,over
wiele,many
kochanie,Honey
kilka,several
mówię,I say
mówisz,you say
zanim,before
miałem,I had
kocham,I love
świetnie,Great
tobie,you
takiego,like this
tyle,so much
robić,to do
trzy,Three
idź,go
kogoś,someone
ani,or
pewno,certainly
myślałem,I thought
widzisz,You see
kiedyś,Once
robi,does
widzę,I see
jaki,What
niej,her
ojciec,father
zbyt,too
która,which
zobaczyć,see
przestań,Stop
sposób,way
pracy,work
dzisiaj,Today
później,Later
bardziej,more
będą,they will
aż,until
życia,life
jutro,Tomorrow
tą,this one
rację,right
żebyś,you
długo,long
tato,dad
każdy,everyone
twoim,yours
chciałem,I wanted to
dni,days
twojej,yours
nadzieję,hope
stanie,standing
koniec,end
znam,I know
mamo,Mom
swoją,yours
problem,problem
żyje,is alive
potrzebuję,I need
widziałem,I saw
spokój,composure
powiem,I will say
minut,minutes
broń,weapon
panu,sir
mógł,could
nami,us
wy,You
nocy,night
wciąż,still
znowu,again
pieniądze,money
imię,name
dnia,day
zabić,kill
drzwi,door
pierwszy,first
taka,like that
nasz,our
posłuchaj,listen
ponieważ,Because
słuchaj,listen
jakie,What
gdyby,if
miło,Nice
spójrz,look
chciałbym,I'd like
sir,sir
razie,for now
nasze,our
dokładnie,Exactly
czuję,I feel
zrobił,he did
dobre,Good
samo,itself
nadal,still
człowiek,man
twoją,your
znaleźć,to find
chwilę,times
chciał,he wanted
kogo,whom
zostać,stay
czegoś,something
wszystkim,everything
został,stayed
roku,year
mówić,to talk
jesteście,you are
facet,guy
mów,speak
powiedziałem,I said
były,were
którzy,who
dziecko,kid
idziemy,let's go
sama,alone
macie,you have it
mówiłem,I told you
we,in
napisy,writings
mogą,they can
spokojnie,Relax
sobą,yourself
bym,I would
miała,she had
przecież,yet
dom,house
poza,apart from
zamknij,close
byłeś,you were
lubię,I like
oh,oh
żadnych,none
pomocy,Help
prawie,almost
gdzieś,somewhere
porozmawiać,talk
wcześniej,before
podoba,I like it
zrobię,I will
czekaj,Wait
dość,enough
twojego,yours
lub,or
moich,mine
razy,times
znasz,you know
mały,small
ciągle,all the time
jakby,as if
wydaje,spends
mama,mother
powinniśmy,we should
jeżeli,if
jack,jack
powinieneś,you should
innego,another
sprawy,matters
rozumiesz,You understand
trzymaj,hold
końcu,finally
powodu,reason
jedno,one thing
pamiętasz,you remember
pomysł,idea
noc,night
pewien,a
którą,which
wiemy,we know
bądź,or
żebym,so that
numer,number
oczy,Eyes
lata,years
dwie,two
miejscu,place
dokąd,where
och,oh
pokoju,peace
chodźmy,let's go
ojca,father
weź,take it
idę,I'm going
samochód,car
nowy,new
jednak,But
świat,world
źle,Badly
którego,whose
niczego,nothing
oto,here
dwóch,two
sprawa,thing
swój,your
idzie,goes
takim,like this
jedną,one
wystarczy,enough
byłam,I was
rano,in the morning
nimi,them
halo,Hello
byś,you would
życiu,life
całe,whole
wiedziałem,I knew
swojego,your own
śmierć,death
ręce,hands
musiał,he had to
którym,which
całą,whole
chcą,they want
da,yes
właściwie,actually
zrób,do
panowie,gentlemen
skoro,since
drogi,Dear
czujesz,you feel
dam,I'll give it
pozwól,let me
wyglądasz,you look
jednego,one
jedna,one
mówił,he spoke
których,which
świecie,world
patrz,Look
nikogo,nobody
byli,they were
pytanie,question
swoim,your own
której,which one
powinienem,I should
jezu,Jesus
dać,to give
rzecz,thing
powiedziała,she said
powiedziałeś,You said
najpierw,firstly
sądzę,I think so
prawo,law
matka,mother
widzieć,see
dr,Dr
telefon,phone
podczas,while
wczoraj,Yesterday
śmierci,death
pracę,work
pamiętam,I remember
uważaj,be careful
parę,a couple
wrócić,come back
diabła,devil
the,the
robię,I do
zrobiłem,I did
kobiety,women
poważnie,seriously
miejsca,places
znów,again
cholery,damn
zrobiłeś,you did
sprawę,matter
zaczekaj,Wait
powiesz,you say
rób,do
natychmiast,immediately
dziewczyna,girl
również,also
działa,works
słyszałem,I heard
pięć,five
super,great
swoich,their own
mówią,they say
witam,Hello
całkiem,quite
cokolwiek,whatever
witaj,Hello
gdybym,if
żona,wife
prawdę,the truth
zostaw,leave
bóg,God
wierzę,I believe
szybciej,faster
nieźle,not bad
wielu,many
inaczej,otherwise
gra,game
dopiero,only
wcale,at all
pieniędzy,money
pójdę,I'll go
godziny,hours
wiedział,he knew
udało,it worked
człowieka,man
stać,be
wina,fault
wiecie,you know
swojej,yours
poznać,to get to know
inne,other
jednym,one
myślałam,I thought
miałam,I had
chwili,moment
innych,others
dopóki,until
nowa,new
kobieta,woman
nowego,new
miłość,love
ziemi,earth
inny,other
przynajmniej,at least
nasza,our
ważne,important
wiadomość,message
dolarów,dollars
słowa,words
słucham,I'm listening
naszych,ours
naszej,ours
między,between
dostać,to receive
czasem,sometimes
chciałam,I wanted to
jaką,what
gówno,shit
brzmi,sounds
chcemy,we want
każdego,everyone
raczej,rather
możliwe,That's possible
każdym,every
widziałeś,you saw
dawaj,come on
nazywa,calls
powinien,should
zabrać,take away
dziewczyny,girls
miałeś,you had
chłopaki,guys
doktorze,doctor
potrzebuje,I need
zgadza,that's right
zrobimy,we will do it
godzin,hours
ostatni,last
wieczór,evening
świata,world
serce,heart
martw,dead
wielki,great
powrotem,back
żyć,lives
one,they
plan,plan
pl,pl
byłoby,it would be
potrzebujemy,we need
dobranoc,Good night
żadnego,none
kapitanie,Captain
zobaczenia,see you soon
możecie,you can
wspaniale,excellent
ogóle,in general
także,too
pół,half
idziesz,you're going
takich,such
pojęcia,concepts
twoich,yours
czymś,something
cztery,four
skarbie,Honey
tata,dad
naszego,ours
panią,Mrs
wybacz,Sorry
chcecie,you want
zrobisz,you will
pokój,room
poczekaj,Wait
uda,thighs
głowy,head
szczęście,luck
wyjść,go out
robota,job
naszym,ours
syn,son
gotowy,ready
cieszę,I'm glad
głowę,head
rozmawiać,to talk
krwi,blood
wszystkiego,all
zabił,killed
czasie,time
ciało,body
należy,should
dziwne,Weird
została,she stayed
przeciwko,against
ruszaj,move
cała,whole
strony,pages
jaka,what
mógłbym,I could
oznacza,means
pomoc,help
taką,like this
zostało,left
miasta,city
tłumaczenie,translation
końca,end
zostanie,will stay
policja,Police
mieli,they had
pewna,sure
obchodzi,cares
ode,ode
syna,son
czasami,Sometimes
twarz,face
rok,year
mieliśmy,we had
lecz,but
ostatnio,lately
uwierzyć,believe
daleko,far
rodziny,family
mogłem,I could
lubisz,you like
blisko,close
zły,bad
środku,middle
boga,god
byliśmy,we were
drodze,road
szkoły,schools
czeka,waiting
słowo,word
radę,advice
człowiekiem,human
mogła,she could
brat,brother
mała,small
krew,blood
najbardziej,the most
wejść,come in
zewnątrz,outside
mąż,husband
robimy,we do
słyszysz,you hear?
kimś,someone
część,Hi
wieczorem,In the evening
widziałam,I saw
zna,knows
wody,water
moi,my
potrzebujesz,you need
lubi,likes
wracaj,come back
rękę,hand
tydzień,week
frank,franc
wrócę,I'll be back
innym,others
wypadek,accident
mówiłeś,you said
stronie,website
mógłbyś,you could
sprawie,case
zobaczymy,We'll see
wziąć,to take
gdybyś,if
naszą,our
nazywam,I call
późno,late
zależy,depends
człowieku,man
góry,mountains
pomóż,help
jechać,to go
pokaż,show
ciężko,hard
napisów,subtitles
serio,seriously
roboty,robots
zrobi,will do
mniej,less
broni,weapons
kiedykolwiek,whenever
temat,topic
mało,little
popatrz,look
charlie,Charlie
prawa,laws
miesięcy,months
pójść,go
koleś,dude
jedziemy,let's go
wkrótce,soon
nowe,new
pierwsze,first
nazwisko,last name
miasto,city
racja,right
leci,it's flying
zostań,stay
stronę,page
nieważne,Never mind
chciała,she wanted
chłopak,boy
zdjęcia,photos
znalazłem,I found
powinno,it should
robią,they do
powinnaś,you should
statek,ship
zostały,they stayed
wszędzie,everywhere
prosto,straight
wielkie,great
dół,hole
zupełnie,quite
tędy,this way
spotkanie,meeting
małe,small
ponad,above
według,According to
widział,he saw
mówiąc,speaking
drogę,road
doktor,doctor
praca,Work
drugi,second
byłaś,you were
górę,up
wiedzą,knowledge
mieście,city
jakoś,somehow
film,movie
czyli,That is
chociaż,though
kłopoty,troubles
droga,way
samochodu,car
szansę,chance
zatrzymać,stop
niemożliwe,impossible
spać,to sleep
chłopcy,boys
mógłby,could
wasza,yours
sądzisz,you think
przyjaciel,friend
michael,michael
tymi,these
złe,Badly
mogli,they could
synu,son
powiedziałam,I said
szkoda,Pity
całym,whole
żaden,no
taa,yeah
trzech,three
wami,you
pracuje,He's working
faceta,guy
sprawdzić,to check
pogadać,talk
serca,hearts
you,you
kraju,country
dał,distance
trudno,difficult
drugiej,second
zaczyna,begins
brak,lack
choć,though
powinnam,I should
ruszać,move
chciałabym,I would like to
cicho,quiet
samego,alone
dziewczynę,girl
godzinę,an hour
piękna,Beautiful
jakąś,some
tom,volume
www,www
widzenia,goodbye
spotkać,meet
pracować,work
żadnej,none
pa,bye
spróbuj,try
znać,know
ciała,body
przyjaciół,friends
razu,right away
zapomnij,forget it
harry,harry
najlepszy,best
ostatnie,last
policji,police
otwórz,open
problemy,problems
ojcem,father
przykład,example
myśleć,think
głupi,stupid
wolno,slow
słyszałeś,you heard
powodzenia,Good luck
rodzina,family
pomoże,will help
kilku,several
uwagę,attention
muszą,they have to
chwila,one sec
jakaś,some
zdjęcie,photo
środka,measure
nowym,new
szefie,boss
odejść,leave
wspólnego,common
musiałem,I had to
sami,themselves
ziemię,earth
dawno,long time ago
będziecie,you will
trzymać,to hold
pracuję,He's working
pewnego,sure
inni,others
gotowi,ready
sześć,six
głowie,head
zabierz,take away
sekund,seconds
zmienić,to change
zabiję,I will kill
czekać,wait
gość,guest
walczyć,fight
chwileczkę,wait a minute
wystarczająco,sufficiently
musicie,you have to
dasz,you will
tysięcy,thousands
pierwsza,first
zadzwonić,call
rady,advice
prawdopodobnie,probably
zostawić,to leave
niestety,Unfortunately
zobacz,Look
nagle,suddenly
wezmę,i'll take
zabawne,funny
żonę,wife
panem,sir
większość,majority
wracam,I'm coming back
joe,joe
wiedziałam,I knew
brata,brother
często,often
powie,he will say
dobrym,good
tyłu,so many
błąd,mistake
boję,I'm afraid
cel,objective
rany,wounds
mówiłam,I told you
wasze,yours
niczym,like
obiecuję,I promise
początku,beginning
historia,history
chciałeś,you wanted
uwaga,Attention
gotowa,ready
zacząć,start
zatem,therefore
tony,tons
istnieje,exists
jednej,one
pokazać,show
nikomu,no one
jakim,what
rodzice,parents
okay,okay
szkole,school
czuje,I feel
los,moose
george,george
david,david
obok,Near
uspokój,calm down
chodźcie,come on
miało,had
całkowicie,entirely
stój,stop
wiadomości,the news
pomyślałem,I thought
nogi,legs
org,org
ulicy,street
matki,mothers
fbi,fbi
jedź,go
wojny,war
ciągu,within
okazji,occasion
zadzwonię,I'll call
około,about
ojcze,father
samym,alone
uważam,I think
miłości,love
mike,Mike
przyszedł,he came
tygodniu,week
prawdziwe,real
zadzwoń,call
widać,can be seen
myśl,thought
pozwolić,to let
słyszę,I hear you
wracać,return
dajcie,come on
historii,history
http,http
zajmę,I'll take care of it
wieku,century
jedynie,only
zamiast,instead
jakiegoś,some
umrzeć,die
wróci,will come back
przyjdzie,will come
łatwo,easy
siostra,sister
oraz,and
prawdziwy,true
czyż,siskin
następny,next
proste,easy
rodzinę,family
uważasz,you think
córka,daughter
piękne,Beautiful
dłużej,longer
mężczyzna,man
przyjacielem,friend
chryste,Christ
niedługo,soon
tyłek,butt
złego,bad
james,James
kupić,to buy
takiej,like this
póki,while
osób,people
powiedziałaś,you said
pytania,questions
niby,kind of
włosy,hair
nienawidzę,I hate it
boli,it hurts
moment,moment
wrócił,he's back
znajdę,I will find it
przysięgam,I swear
stan,condition
strasznie,terrible
potrafię,I can
daje,gives
zrobiła,she did
spokoju,peace
ben,ben
spróbować,try
męża,husband
górze,upstairs
wyboru,choice
szukam,I'm looking for
mówiła,she said
kobietą,woman
dowiedzieć,find out
znaleźliśmy,we found it
żartujesz,you're kidding
and,and
znajdziemy,we will find
bracie,brother
mieszka,lives
najlepiej,best
najlepsze,the best
przyjaciele,friends
kapitan,captain
dziewczyną,girl
wstawaj,get up
dziecka,child
uwielbiam,I love
następnym,next
zła,evil
ludźmi,people
kocha,loves
zatrzymaj,stop
twarzy,face
tygodnie,weeks
ludziom,people
robił,he did
światło,light
jorku,york
milionów,millions
kochasz,you love
zwykle,usually
rozkaz,order
odpowiedź,answer
znalazł,found
niezły,not bad
nigdzie,nowhere
oboje,both
odkąd,since
ponownie,again
same,themselves
walki,fighting
głos,voice
duży,big
uciec,escape
zająć,hare
pewnością,certainly
widzi,sees
szpitala,hospital
mogłeś,you could
bogu,god
samolot,plane
powód,reason
panno,Miss
centrum,center
świetny,great
żony,wives
młody,young
tacy,tray
stoi,stands
wreszcie,at last
hotelu,hotel
wielka,great
zobaczysz,you'll see
mimo,despite
jakiego,what
seks,sex
próbuję,I'm trying
dostaniesz,you will get it
obawiam,I'm afraid
interes,business
ogień,fire
reszta,rest
pasuje,it suits
wasz,yours
niektórzy,some
powinna,should
sen,dream
grać,play
wojna,war
dostał,got
mocy,power
moglibyśmy,we could
potrafi,he can
pamiętaj,Remember
uciekaj,run away
słychać,can be heard
samej,alone
gościa,guest
ból,pain
znaczenia,meanings
kolację,dinner
robotę,job
patrzcie,Look
zrobiłam,I did
stamtąd,from there
uważa,thinks
przestać,stop
każdej,each
zrozumieć,understand
szczerze,Honestly
zabije,will kill
wspaniałe,excellent
powstrzymać,stop
resztę,the rest
fajnie,Cool
łóżka,beds
śmieszne,funny
przyjacielu,friend
pewne,sure
tygodni,weeks
pies,dog
celu,purpose
przyszłość,future
jedzenie,food
twoi,yours
system,system
nieprawda,untruth
poszedł,he went
gotowe,ready
martwy,dead
musieli,they had to
otworzyć,open
pokażę,I'll show you
biura,offices
dzieckiem,child
przyjaciółmi,friends
facetem,guy
mocno,tightly
pytań,questions
zamierzam,I intend to
puść,let go
kobietę,woman
siły,strength
kolejny,next
części,parts
minuty,minutes
ciekawe,Interesting
słyszałam,I heard
jaja,eggs
sprawdź,check
moc,power
chłopcze,boy
dosyć,enough
małą,small
zobaczę,I'll see
żoną,wife
przyjaciela,friend
pewny,sure
ależ,oh
siadaj,sit down
dobrego,good
jadę,I'm going
osobą,person
szef,boss
musiała,she had to
filmu,movie
pójdziesz,you will go
informacje,information
bob,broad bean
lepsze,better
przyjść,come
szansa,chance
niesamowite,incredible
wierzysz,you believe
wspaniały,Excellent
prezent,gift
robicie,you do
hey,hey
jimmy,Jimmy
żebyśmy,so that we
dostałem,I got it
paul,Paul
sporo,a lot
słuchać,to listen
klucz,key
usiądź,sit down
list,letter
wieści,news
miły,nice
policję,the police
zamiar,intention
zrozumiałem,I understood
piękny,beautiful
jedyną,the only one
lepszy,better
kobiet,women
statku,ship
alex,alex
światła,lights
psa,dog
witamy,Welcome
pójdziemy,we'll go
pomogę,I will help
duże,big
mary,Mary
miesiąc,month
szczęśliwy,happy
oko,eye
ładnie,nicely
sensu,sense
całej,whole
więzienia,prison
przygotować,to prepare
podobno,apparently
nową,new
jedyny,only
jakbym,as if
przejść,pass
potrzeba,need
pójdzie,will go
pierwszym,first
coraz,increasingly
drugie,second
miałaś,you had
ktokolwiek,anyone
boisz,you're afraid
skończy,will finish
mnóstwo,plenty
bierz,take it
chcieli,they wanted
trudne,difficult
peter,Peter
nazywasz,you name
szukać,to look for
dole,downstairs
chodziło,it was about
potrafisz,you can
zapytać,ask
spotkamy,we will meet
wiedziałeś,you knew
sytuacji,situation
max,max
poproszę,please
dziesięć,ten
ostatnia,last
załatwić,arrange
poszło,it went
buty,Shoes
podaj,give it
zabiłeś,you killed
zajmie,will take
jazda,ride
zasady,rules
widziałaś,you saw
książki,books
koło,wheel
pozwolę,I will
ostrożnie,carefully
byłby,would be
wielkiego,great
pracujesz,you work
zamknąć,close
znajdź,find
usłyszeć,hear
wybór,choice
bezpieczeństwa,safety
wejdź,come in
gry,games
la,la
słuchajcie,listen
zrobiłaś,you did
prosić,ask
odpowiedzi,answers
dobrą,All right
stara,old
gotów,ready
obiad,Lunch
pięknie,Beautifully
brakuje,is lacking
mowy,speech
jedyne,the only one
zaczął,he started
drugą,the second one
ognia,fire
pomyśl,idea
drinka,drink
własne,own
atak,attack
prezydent,president
prowadzi,leads
cie,you
powoli,slowly
jake,jake
korekta,adjustment
pomiędzy,between
zginął,died
osoby,people
wersji,version
zjeść,eat
martwić,worry
osoba,person
chłopiec,boy
skończyć,end
spoko,Cool
próbował,he tried
mogłam,I could
kraj,country
jakbyś,as if
znak,sign
doskonale,excellent
jedynym,the only one
związek,relationship
wolę,I prefer
znajdzie,will find
komuś,to someone
zrobili,they did
król,king
próbowałem,I tried
pieprzony,fucking
wypadku,accident
jedyna,the only one
generale,General
wolny,free
woda,water
powiedzieli,they said
rodziców,parents
dzieciaki,kids
patrzeć,look
miłe,pleasantly
przyjęcie,adoption
agent,agent
zadanie,task
rodzaju,kind
lewo,left
ach,ah
siedem,seven
wysokość,height
specjalnie,especially
szpitalu,hospital
dane,data
dzieciak,child
zdanie,opinion
me,me
jeść,eat
uratować,save
mózgu,brain
niezła,nice
wiedziała,she knew
piwo,beer
sierżancie,Sergeant
przyszedłem,I came
samochodzie,car
staram,I'm trying
stylu,style
całego,whole
pora,time
kawę,coffee
znajdziesz,you will find
sygnał,signal
gorzej,worse
grupa,group
zniszczyć,destroy
osobiście,personally
kolego,buddy
żyjesz,you are alive
matką,mother
ślub,wedding
miesiące,months
dupę,ass
strzelać,shoot
oddaj,give it back
chory,sick
umarł,died
jakimś,some
wielkim,great
zaczynamy,here we go
Rachel,Rachel
częścią,part
dowód,evidence
program,program
owszem,yes
myślą,they think
rzuć,quit
próbuje,I'm trying
mogło,could
spraw,matters
wychodzi,leaves
chciałbyś,you would like
budynku,building
martwi,dead
niezłe,not bad
kawałek,piece
uh,uh
wiadomo,known
wokół,around
głupie,stupid
pułkowniku,colonel
plany,plans
firmy,companies
naprzód,forward
odejdź,Go away
nauczyć,teach
znamy,we know
historię,history
telefonu,phone
więzieniu,prison
wcześnie,early
jakiej,what
metrów,meters
jedzie,he's going
związku,relationship
wyglądam,I look
danny,Danny
ostatniej,last one
potrzebował,he needed
jim,jim
początek,beginning
najlepszym,the best
zajęty,occupied
książkę,book
każda,each
pierwszej,first
uczucie,feeling
potrzebny,necessary
henry,Henry
odłóż,put it aside
bill,Bill
lekarza,doctor
wyjaśnić,explain
tuż,next door
oprócz,apart from
wśród,among
wielką,great
przyszłości,future
córkę,daughter
złapać,to catch
samą,alone
ilu,how many
wojnę,war
miłego,have a nice one
nieco,little
straszne,horrible
żyją,they are alive
adres,address
druga,second
gości,guests
siedzieć,sit
zdobyć,to win
kate,kate
rząd,government
informacji,information
kawy,coffee
zdaje,it seems
idźcie,go
łóżku,bed
chłopaka,boyfriend
wyprawiasz,you are doing
przysługę,a favor
abyś,you
ruch,movement
damy,ladies
gratulacje,Congratulations
zostanę,I will stay
gliny,cops
biurze,office
prawdziwa,true
zabij,kill
sądzie,court
zamierzasz,you're going to
wierzyć,believe
zapomniałem,I forgot
matkę,mother
zostawił,he left
życiem,life
swego,his own
dziękujemy,thank you
info,info
znalazłeś,you found it
stał,steel
wyjścia,exits
ciąży,pregnancy
osiem,eight
pracował,he worked
chwilkę,wait a minute
byśmy,we would
zimno,Cold
raport,report
leży,lies
godzina,time
kończy,ends
wyjdzie,will come out
wodę,water
imieniu,name
użyć,use
weekend,weekend
nasi,ours
kontakt,contact
san,san
kości,bones
pobliżu,nearby
zostaniesz,you will stay
nick,nickname
chronić,protect
ray,ray
błagam,I'm begging you
świetna,great
zostałem,I stayed
najwyraźniej,apparently
codziennie,every day
poczekać,wait
telewizji,television
usiąść,sit down
morderstwo,murder
zabrał,took it away
chętnie,gladly
pieprzyć,fuck
angeles,angeles
szuka,looking for
zabiłem,I killed
okno,window
różne,different
problemu,problem
własną,own
podać,to give
założę,I will
podróż,trip
dałem,I gave
boską,divine
kolej,rail
laboratorium,laboratory
cudownie,wonderfully
powiedzenia,sayings
mieszkanie,apartment
rozumie,Understands
urodziny,birthday
ochotę,desire
zapomnieć,forget
zespół,team
billy,Billy
króla,king
wrócisz,you will come back
wizja,vision
przynieś,bring it
pierwszą,the first one
spójrzcie,look
święta,holidays
badania,tests
zobaczmy,let's see
świetne,great
wóz,car
USA,USA
dolców,bucks
wrażenie,impression
głowa,head
ślady,traces
siostry,sisters
dawna,long time ago
dumny,proud
widzicie,you see
Johnny,Johnny
komu,to whom
will,Will
najlepszego,the best
lecieć,fly
wysoki,tall
przestańcie,stop it
Chris,Chris
linii,lines
niewiele,few
bobby,bobby
mogłabym,I could
latach,years
umiesz,you can
fakt,fact
wyszedł,he left
śniadanie,breakfast
poruczniku,Lieutenant
jedzenia,eating
mogłabyś,you could
odbiór,reception
liczy,counts
bliżej,closer
odebrać,to pick up
innymi,others
wynoś,out
przeciw,against
karty,cards
eddie,Eddie
oddać,to give back
mistrzu,master
zróbmy,let's do it
wydostać,get out
znalazłam,I found it
spojrzeć,look
znaleźli,found
szukasz,you are looking for
dave,dave
szczęścia,happiness
pański,your
czekam,I'm waiting
pistolet,gun
synem,son
wiary,faith
opuścić,leave
obraz,picture
straciłem,I lost it
lekarz,doctor
dostanę,I'll get it
wziął,he took it
zgadzam,I agree
zaufaj,trust
chodzić,go
szczęśliwa,happy
miałbym,I would
mówiłaś,you said
możliwości,possibilities
przyjemność,pleasure
wow,wow
rana,wound
przyznać,admit
każdą,each
dala,away
wybaczyć,forgive
siedzi,sits
ofiary,victims
słońce,sun
sytuacja,situation
twierdzi,claims
dowody,evidence
wyjście,Exit
przede,first of all
chciałby,would like to
faceci,guys
otwarte,Open
yeah,yeah
zapłacić,pay
młoda,young
czarny,black
tysiące,thousands
spodoba,like it
ładna,pretty
zwłaszcza,especially
de,de
obaj,both
zgodnie,according
brać,to take
zeszłym,last
udział,participation
mecz,game
zostaje,stays
kuchni,kitchen
nowych,new ones
zabawy,fun
dostanie,will get
banku,bank
subedit,subedit
trzyma,holds
jane,Jane
jasna,sure
mężczyzn,men
zgoda,agreement
drugim,the second
nikim,nobody
kochać,love
juz,Already
mówimy,we say
nr,no
dwoje,two
córki,daughters
pozbyć,get rid of
małego,little one
stare,old
krok,step
kasę,money
pierwszego,the first one
dna,gout
żegnaj,goodbye
umiem,I can
kod,code
dzwonił,he called
lee,lee
zabawa,game
dziwnie,strangely
przychodzi,comes
szefem,boss
uciekać,run away
listy,lists
bank,bank
wyjdź,leave
biuro,office
zacznie,will start
myślałeś,you thought
wobec,to
głodny,hungry
niebezpieczne,dangerous
rodziną,family
moimi,mine
okej,okay
akcji,shares
panna,Virgin
pobrane,downloaded
teren,area
towar,commodity
rozkazy,orders
kazał,he ordered
łódź,Łódź
Sarah,Sarah
głupia,stupid
Tommy,Tommy
ostatnim,the last one
kolejne,next
dziewczynka,girl
dupy,asses
prezydenta,president
powinni,they should
mózg,brain
powietrze,air
naprawić,to fix
umrze,he will die
poziom,level
lunch,lunch
ładne,nice
muzyka,music
pierdol,fuck
inną,another one
biały,white
kierunku,direction
akurat,exactly
biorę,I take it
wraca,comes back
żart,joke
nazwiska,names
poradzę,I can handle it
ataku,attack
wyglądają,they look
dotykaj,touch
zdrowie,health
zbrodni,crimes
idą,they're coming
Richard,Richard
mil,miles
słów,words
szalony,crazy
rzeczywiście,actually
prawdy,truth
niespodzianka,surprise
rozmawiałem,I talked
działać,work
km,km
widok,view
przodu,front
szukamy,we are looking
mężczyzną,man
dobrej,good
of,of
dziękuje,Thank you
usta,mouth
grę,game
ostatnią,the last one
wrócimy,we will come back
rodzinie,family
ochrony,protection
spadaj,get lost
daję,I give
wewnątrz,inside
ej,hey
Claire,Claire
pięciu,five
rozmawialiśmy,we talked
pomożesz,you will help
test,test
słońca,sun
xvid,xvid
uwagi,comments
Andy,Andy
zmieni,will change
pomyślałam,I thought
przyszła,she came
strach,fear
zrobiliśmy,we did
rozmowę,conversation
liście,leaves
lekarzem,doctor
forsę,money
in,incl
wracamy,we're coming back
bronią,weapons
zaczęło,it started
wsiadaj,get in
dupek,asshole
sprawia,makes
it,etc
interesuje,interested
stracić,lose
powiedzmy,let's say
chłopca,boy
szkodzi,it's harmful
potrzebne,necessary
zmienia,changes
pociąg,train
państwo,country
dniu,day
przypadek,case
zaczynam,I'm starting
najlepsza,the best
skończyłem,I'm done
odzyskać,to regain
czuć,feel
milion,million
problemów,problems
rękach,hands
poszła,she went
wspaniała,wonderful
umiera,dies
zamknięte,Closed
myślicie,you think
ładny,pretty
alarm,alarm
żył,lived
rodzaj,type
znaczyć,mean
wysłać,send
momencie,moment
pory,pores
przypadku,case
wybrać,to choose
wynocha,get out
własnej,own
iż,that
rozmowy,conversations
abym,so that
operacji,surgery
jedziesz,you're going
gadać,talk
jakość,quality
kotku,baby
dupku,asshole
facetów,guys
czekajcie,wait
biegnij,run
obu,both
decyzję,decision
waszej,yours
steve,steve
drugiego,the second
szaleństwo,madness
Jerry,Jerry
język,Tongue
lubią,they like
obudź,wake up
gówna,shit
wygrać,win
spróbuję,I'll try
przyszedłeś,you came
wiec,So
leo,Leo
względu,no matter
odnaleźć,find
układ,system
sens,sense
psy,dogs
oczach,eyes
śmiercią,death
uciekł,he escaped
zaufać,trust
czasy,times
ruszamy,let's go
zabiorę,I'll take it
bycie,being
interesy,business
oczu,eyes
szans,chances
nazywają,they call
wyniki,results
miliony,millions
miła,nice
wątpię,I doubt it
nieba,heaven
inna,different
sukinsyn,son of a bitch
południe,south
armii,army
bawić,have fun
zazwyczaj,usually
wydarzyło,happened
punkt,point
dostałeś,you got it
pozwoli,will allow
następnego,next
zdecydowanie,definitely
mówili,they said
prowadzić,to lead
stop,Stop
oglądać,to watch
woli,will
kłopotów,trouble
ziemia,earth
innej,another one
dziećmi,children
sto,hundred
indziej,else
bratem,brother
daleka,far away
szanse,chances
dzwoni,calls
widzieliśmy,we saw
van,van
budynek,building
synchro,synchro
bierze,takes
warto,it's worth it
musze,I have to
umysł,mind
mego,mine
detektyw,detective
każde,each
konia,horse
zmiany,changes
różnica,difference
robiłem,I did
długi,long
listę,list
hmm,hmm
duża,big
pomaga,helps
własnego,own
musiałam,I had to
wujek,uncle
nóż,knife
żadna,none
państwa,countries
niektóre,some
podziękować,thank
nadchodzi,is coming
żyję,is alive
tamtej,that one
zostali,they stayed
cholernie,damned
larry,Larry
radio,radio
bólu,pain
ha,ha
walka,fight
zabierzcie,take it away
zniknął,disappeared
wiedzieli,they knew
chciałaś,you wanted
doktora,doctor
prawdziwym,real
wyglądać,look
przekonać,to convince
pytam,I'm asking
wyluzuj,relax
dowie,will find out
trwa,lasts
znajduje,finds
poznałem,I met
ojcu,father
ostatnich,last ones
al,al
wolność,freedom
łeb,head
strzelaj,shoot
myślał,he thought
zabiją,they will kill
wychodzę,I'm leaving
posłuchać,listen
strzał,shot
kinomania,cinephilia
utrzymać,maintain
cholerny,damn
kasy,cash register
potrzebują,they need
okolicy,area
wolności,freedom
czułem,I felt
Carter,Carter
Jones,Jones
opowiedz,tell me
łodzi,boat
prosze,Please
czasów,times
minęło,passed
widziała,she saw
północy,midnight
ruchy,movements
ku,to
pokładzie,board
absolutnie,absolutely
vegas,vegas
małym,small
cisza,silence
klasy,classes
czekają,they are waiting
pytasz,you ask
nos,nose
przejmuj,take over
szlag,damn
mamą,mother
wierzy,he believes
lepszego,better
zabili,they killed
okropne,terrible
śmiało,go ahead
sali,hall
sprawdzę,I'll check
następne,next
powtarzam,I repeat
mieszkania,apartments
bój,funk
wraz,together
pańska,yours
zmarł,died
czterech,four
uczucia,feelings
czytać,to read
podejdź,come over
uwierz,believe me
doceniam,I appreciate
warte,worth it
czyżby,maybe
pańskie,yours
zero,zero
różnych,various
zobaczyłem,I saw
bomba,bomb
nowej,new one
pamięć,memory
taty,dad
zastanawiam,I wonder
klucze,keys
wróć,come back
rzeczą,thing
własny,own
przyjdę,I'll come
przypomina,reminds
danych,data
tatuś,daddy
przeszłości,the past
pochodzi,comes
zobaczy,he will see
napisane,written
mark,mark
mężem,husband
drogą,way
ubrania,clothes
akta,files
widzimy,we see
jakiejś,some
brian,Brian
żadne,none
ufać,trust
najważniejsze,the most important thing
doczekać,wait
sklepu,store
szczególnie,especially
północ,midnight
zostawię,I'll leave it
hatak,hatak
bazy,bases
podróży,travel
ręki,hands
prezydencie,president
spytać,ask
Chicago,Chicago
piątek,Friday
Charles,Charles
decyzja,decision
potrzebna,needed
ocalić,save
lewej,left
pojechać,go
obie,both
Rose,Rose
Amy,Amy
dopasowane,fitted
pić,drink
mojemu,mine
zmęczony,tired
wchodzi,comes in
randkę,date
grupy,groups
pieprz,pepper
waszych,yours
potrwa,it will take
bezpieczny,safe
gorąco,hot
stracił,lost
miecz,sword
pamięta,remembers
łatwe,easy
siłę,strength
zaczniemy,we'll start
wyjdziesz,you will leave
własnym,own
pospiesz,hurry up
słyszeć,to hear
śpi,sleeps
zbliża,getting closer
czekamy,we are waiting
kieszeni,pocket
świąt,world
stóp,Stop
zdarza,it happens
nogę,leg
generał,general
żołnierzy,soldiers
przeszkadza,disturbing
zajmuje,occupies
sprzęt,equipment
miałby,would have
wyszła,she left
silny,strong
szefa,boss
słodki,sweet
dostęp,access
spotkania,meetings
porozmawiamy,we'll talk
ufam,I trust
dowodów,evidence
winny,guilty
new,new
dzwonię,I'm calling
firma,business
zginąć,die
trzymajcie,hold on
złym,bad
swoimi,with their own
głęboko,deep
małżeństwo,marriage
pełne,full
bierzesz,you take it
nieprawdaż,isn't it?
ranny,early
martwię,I'm worried
stanu,state
komputer,computer
połóż,put
auto,car
równie,as
założyć,to establish
zapewne,probably
nadszedł,it has come
kwiaty,flowers
niedaleko,near
wroga,enemy
paru,a few
dziwnego,strange
ameryki,america
cos,something
napiprojekt,napiprojekt
liczyć,to count
wiatr,wind
staje,stops
kawał,piece
straciliśmy,we lost
szkoła,school
zęby,To
zaszczyt,honor
zachować,keep
znaczenie,meaning
energii,energy
zaczekać,wait
potrzeby,needs
misji,mission
przyjemnością,pleasure
waszym,yours
możliwość,possibility
najszybciej,fastest
joey,joey
piłkę,ball
jakich,what
armia,army
zechcesz,you want
czerwony,red
stacji,station
byłaby,would be
cenę,price
dobrych,good ones
strachu,fear
musiałeś,you had to
cia,body
gratuluję,congratulations
wyjechać,leave
gdybyśmy,if we
pole,field
forsy,money
hotel,hotel
zapach,smell
zmieniło,changed
zabrali,they took it away
wojnie,war
mieszkam,I live
starego,old
oddział,branch
ted,ted
sklep,store
bezpiecznie,safely
house,house
odszedł,he left
królem,king
samolotu,plane
emily,emily
planu,plan
wróciłem,I'm back
jutra,tomorrow
brawo,way to go
boi,afraid
minutę,minute
bezpieczne,safe
kontroli,control
bzdury,Nonsense
ducha,spirit
pomyśleć,think
znacznie,much
dała,she gave
miały,they had
moze,Maybe
czysty,clean
profesorze,Professor
byłbym,I would
otwieraj,open
lot,flight
wyobrazić,imagine
zadowolony,content
domem,home
sprzedać,sell
przyniosę,I'll bring it
zdejmij,take it off
głową,head
martin,Martin
celem,goal
skończył,he finished
mężczyźni,men
musiało,it had to
tygodnia,week
żartuję,kidding
zasadzie,basically
przekazać,to pass
mogłaby,she could
don,don
móc,power
dałeś,you gave
zostaną,they will stay
obejrzeć,see
mogłoby,could
mamę,mom
wyszło,it worked out
zamian,exchange
umowę,contract
auta,cars
pomocą,help
umowa,agreement
śmieci,garbage
restauracji,restaurant
dan,dan
zacząłem,I started
normalnie,normally
odsuń,move away
kontrolę,control
sądu,court
mamie,mom
wszystkimi,everyone
znajdą,they will find
jestes,You are
tatusiu,daddy
zrobią,they will do
przyjechał,he arrived
kurs,course
chuck,chuck
rusz,move
eric,eric
spotkałem,I met
zostawcie,leave it
kompletnie,totally
troszkę,a little
dokumenty,documents
pamięci,memory
przeznaczenie,destiny
najlepszych,the best
zaczęła,she started
seksu,sex
duszę,soul
poprzez,by
moge,I can
przynieść,bring
samobójstwo,suicide
napisał,he wrote
robiłeś,you did
ross,ross
pełno,full
rzeki,rivers
wyciągnąć,draw out
potrzebować,need
córką,daughter
książka,book
zwierzęta,animals
podobało,liked it
ruchu,traffic
wyjdę,I'll leave
zabijesz,you will kill
długa,long
setki,hundreds
gwiazdy,stars
załatwię,I'll arrange it
bracia,brethren
zabijać,kill
wino,wine
trzeci,third
waszą,yours
bond,bond
stanów,states
patrzę,I'm looking
nawzajem,Mutually
aha,I see
kevin,kevin
gliną,clay
tamtego,that one
ryby,fish
morderstwa,murders
podnieś,pick up
annie,annie
gdziekolwiek,wherever
dwaj,two
prawej,right
kapitana,captain
las,forest
połowę,half
subgroup,subgroup
wyłącz,off
niedobrze,not good
udowodnić,prove
walter,walter
zabija,kills
kurde,damn
planety,planets
proces,process
zejdź,come down
okoliczności,circumstances
zmienił,changed
książę,prince
barze,bar
siostrę,sister
kościoła,church
spodnie,Pants
mieszkasz,you live
kwestia,issue
wyglądał,looked
anglii,england
patrzysz,you look
bohaterem,hero
sytuację,situation
wątpliwości,doubts
patrzy,looks
sądziłem,I thought
niebo,sky
niezbyt,not very
sumie,all in all
ręka,hand
pete,pete
zadzwonił,he called
jenny,jenny
dachu,roof
powrót,return
słyszałaś,you heard
ledwo,barely
konieczne,necessary
fps,fps
widzieliście,you saw
czyni,makes
zmiana,Change
zadać,demand
sukinsynu,son of a bitch
doprawdy,really
mogliśmy,we could
uczyć,teach
pragnę,I want
pogadamy,we'll talk
umie,knows
powinniście,you should
wróciła,she's back
tysiąc,thousand
byliście,you were
normalne,normal
przedstawić,present
matt,Matt
zachód,West
robert,robert
prędzej,sooner
zostałeś,you stayed
prawdziwą,real
amen,Amen
sztuki,art
sprawą,thing
ryzyko,risk
używać,use
duch,ghost
stole,table
plaży,beach
nosi,wears
żebyście,so that you
cofnąć,undo
parku,park
napić,drink
wolne,free
rzucić,quit
zabieraj,take it away
badań,research
przyszłym,future
próbujesz,you try
porucznik,lieutenant
poważne,serious
dotąd,so far
środek,middle
bezpieczna,safe
zamiaru,intention
trzymam,I'm holding it
umarła,she died
dziewczynki,girls
ukryć,hide
wchodzę,I'm coming in
sklepie,store
dotrzeć,reach
chwilą,one sec
odpowiada,replies
obrony,defense
trzymasz,you hold
pisać,to write
pozwolenie,permission
gadasz,you're talking
waszego,yours
winy,guilt
mistrz,master
mogłaś,you could
życzę,I wish
czasach,times
funtów,pounds
systemu,system
imprezę,party
jazdy,driving
pozwala,allows
jean,jean
pomógł,helped
dużą,big
jacka,jack
rozmowa,conversation
jedi,jedi
napisać,write
darmo,free
suko,bitch
przygotuj,prepare
fajne,cool
słyszał,he heard
dziwny,weird
pewnym,certain
grace,Grace
którymi,which
znacie,you know
william,william
władzy,power
narkotyki,drugs
alan,alan
zrozumiano,understood
służyć,serve
dzwoń,bell
drzwiami,door
samych,alone
bilety,tickets
interesujące,interesting
czekał,he waited
znałem,I knew
jezus,Jesus
sercu,heart
pewność,confidence
przeprosić,apologize
przeszłość,past
jednostki,units
czynienia,dealing
uważać,be careful
dziadek,grandpa
pisze,I'm writing
ciężkie,heavy
znaleziono,found
wybierasz,you choose
chora,sick
słuchasz,you are listening
przyjąć,adopt
powietrza,air
jaj,eggs
smith,smith
mając,having
bać,afraid
wieczoru,evening
meksyku,Mexico
zajmij,occupy
projekt,design
oczywiste,obvious
gościem,guest
pieprzone,fucking
kelly,kelly
kamery,cameras
większe,bigger
powodów,reasons
dzieciaka,kid
wejście,entry
mylisz,you're wrong
bedzie,will be
thomas,thomas
babcia,grandmother
nosić,to wear
znalazła,she found it
klubu,club
okazję,opportunity
chłopcem,boy
połowa,half
niebie,heaven
czyste,clean
kolor,color
cholerne,damn
muzykę,music
tv,tv
drzewa,trees
najlepszą,the best
narkotyków,drugs
niewiarygodne,unbelievable
miami,Miami
zrobione,done
kumpel,buddy
twego,yours
lucy,lucy
żałuję,I regret
wschód,east
klientów,customers
władzę,authorities
wymaga,requires
biedny,poor
uśmiech,smile
zobaczył,saw
kupiłem,I bought
pomyłka,mistake
carl,Carl
szeryfie,Sheriff
nareszcie,at last
pracowałem,I worked
city,city
zacznij,start
poradzić,help
święty,holy
wyjątkiem,except
bilet,ticket
zginie,will die
daniel,daniel
żołnierze,soldiers
mb,meters
przyda,useful
cudowne,wonderful
łatwiej,easier
wyglądało,it looked like
złota,gold
kolana,knees
spędzić,spend
przeżyć,survive
sądzi,he thinks
drużyny,teams
wsparcie,support
majorze,Major
ofiar,victims
wesołych,Happy
odpowiedzialny,responsible
ofiara,victim
brakowało,was missing
sekret,secret
pierdolony,fucking
powinny,they should
oddech,breath
zajęcia,classes
ah,ah
wykorzystać,to use
raka,cancer
chcieliśmy,we wanted
muzyki,music
dar,gift
siostro,sister
studia,studies
będąc,being
jason,jason
red,ed
znał,he knew
jesli,If
słyszy,hears
Luke,Luke
problemem,problem
skrzywdzić,hurt
potrafią,they can
street,street
czysto,purely
Jackson,Jackson
śledztwo,investigation
siostrą,sister
wolałbym,I would rather
Susan,Susan
próba,attempt
sił,forces
piersi,breasts
działo,gun
stopy,feet
twoimi,yours
najmniej,least
dziewczyn,girls
witajcie,hello
plecy,back
Elizabeth,Elizabeth
bogiem,god
dali,they gave
pijany,drunk
wyspie,island
punkcie,point
zabójca,killer
kościół,church
winien,should
wszedł,he came in
dziwka,whore
oddychać,breathe
służby,services
duszy,soul
zdarzyło,happened
zagrać,play
umrę,I will die
Lisa,Lisa
pełna,full
pokład,deck
szacunku,respect
odbiło,it rebounded
pozwolisz,you will allow it
klubie,club
czytałem,I was reading
wiedziałaś,you knew
rąk,cancer
zasad,rules
zdjęć,photos
osobę,person
małej,little one
zróbcie,do it
wróciłeś,you're back
dostałam,I received
wielkiej,great
kontynuować,to continue
Ryan,Ryan
oddychaj,breathe
poczucie,sense
terry,Terry
idealnie,perfectly
udawać,to pretend
imienia,name
zapytaj,ask
francji,France
udać,succeed
kontrolować,control
matko,mother
pojadę,I'll go
anna,Anna
zauważyłem,I noticed
boku,side
działania,actions
uszy,ears
zdjąć,take off
cud,miracle
wysoko,high
poszedłem,I went
movie,movie
akt,act
drużyna,team
pułkownik,colonel
jasno,clearly
park,park
latać,fly
filmie,movie
wydawało,it seemed
zachowanie,behavior
doszło,it happened
okna,windows
przyjaciółka,friend
scott,scott
strona,side
impreza,party
suka,female dog
ciśnienie,pressure
angielsku,English
przypuszczam,I suppose
posłuchajcie,listen
uważnie,carefully
kartę,card
dupie,ass
dziewięć,nine
kamień,stone
ludzkie,human
upewnić,make sure
zapłacę,I will pay
autobus,bus
tęsknię,I miss
południu,noon
żonaty,married
rachunek,Bill
próbowałam,I tried
dajesz,you give
wierz,believe
liceum,high school
wziąłem,I took it
złoto,gold
odpowiedzieć,reply
biorąc,taking
stała,constant
zabiła,she killed
nadziei,hope
ściany,walls
wykonać,perform
oddam,I'll give it back
odpocząć,to rest
zło,evil
miej,have
mieszkaniu,apartment
cofnij,undo
profesor,professor
zrobienia,to do
ważny,important
krwią,blood
zeszłej,last year
piekło,hell
wakacje,holidays
przedtem,before
pozwólcie,let me
pamiętać,remember
oby,may
ust,paragraph
dzieła,works
um,um
wprost,directly
pełni,full
najgorsze,the worst
tylu,so many
obecnie,Currently
scenariusz,scenario
helen,Helen
misja,mission
kłamiesz,you're lying
pojawił,appeared
grozi,threatens
piekła,hell
operacja,operation
wozu,car
sąd,court
chłopie,boy
byle,any
hank,Hank
pośpiesz,hurry up
karen,Karen
ciemności,darkness
okiem,eye
pozycji,position
przedstawienie,show
zasada,principle
chłopców,boys
bomby,bombs
żonie,wife
kluczyki,keys
klasie,class
ostatniego,the last one
ed,ed
prawdziwego,real
kochał,he loved
znają,they know
mężczyznę,man
mądry,wise
grasz,you play
palców,fingers
idiota,idiot
łóżko,bed
wodą,water
odciski,prints
mieszkać,to live
morderca,murderer
przypadkiem,by chance
wolna,Free
połowie,half
szkołę,school
wyłączyć,turn off
prysznic,shower
johna,john
pokonać,defeat
ramię,arm
mamusiu,Mommy
przyszłam,I came
słodkie,sweet
kawałki,pieces
pańskiej,yours
piwnicy,basement
wysłał,sent
zegarek,watch
dookoła,around
ciężki,heavy
polega,relies
stopni,degrees
samochodem,by car
nazywał,he called
połączenie,connection
plus,plus
zastanawiałem,I wondered
przerwy,breaks
prawdą,True
rada,advice
pyta,he asks
postawić,put
ukradł,stole
urządzenie,device
przystojny,handsome
agencie,agent
umrzesz,you will die
siedział,he was sitting
simon,Simon
własnych,own
lotnisko,airport
phoebe,phoebe
zapomniałeś,you forgot
kupił,bought
punktu,point
chwile,times
zakupy,shopping
szukają,they are looking for
okazało,it turned out
poniedziałek,Monday
palce,fingers
pojedziemy,we will go
ręką,hand
adam,adam
tajemnicy,secret
poprostu,simply
wstać,get up
drzewo,tree
odpowiedz,answer
zmęczona,tired
skończyła,she finished
szpital,hospital
wujku,uncle
trakcie,during
zostawiłem,I left it
kosztuje,costs
okropnie,terrible
dają,they give
kolejna,another one
wychodzić,go out
gazety,newspapers
okres,period
przyjdziesz,you will come
miejsc,places
działają,they work
matce,mother
bronić,defend
zjednoczonych,united
rzeczywistości,reality
wpadł,he fell in
tańczyć,dance
ameryce,america
goście,guests
twarzą,face
uwolnić,release
zacznę,I'll start
przerwę,break
ochrona,security
detektywie,detective
komórki,cells
zakończyć,end
prosił,he asked
litość,mercy
niedawno,recently
obrazy,pictures
alice,alice
zabawny,funny
ono,it
pełen,full
gejem,gay
piosenkę,song
zapomniałam,I forgot
rozmawiam,I'm talking
samochody,cars
wziąłeś,you took it
spotkaliśmy,we met
szacunkiem,respect
większy,greater
królowa,queen
próbuj,try
zdaniem,in my opinion
łazienki,bathrooms
wpaść,drop by
taniec,dance
para,couple
czysta,clean
używa,uses
szczery,honest
siła,force
herbaty,tea
chciałabyś,you would like to
czekałem,I waited
dźwięk,sound
tamten,that
wspomnienia,memories
odeszła,she left
położyć,put
sześciu,six
kłamstwo,lie
dotyczy,refers to
rusza,moves
leki,medicines
siedzisz,you are sitting
nagrodę,reward
bar,bar
pracujemy,we are working
operację,surgery
programu,program
żyjemy,we are alive
wywiad,interview
robin,robin
jemu,him
celi,cell
wstyd,shame
dawać,give
pilnuj,keep an eye on it
swojemu,to your own
chłopakiem,boyfriend
com,com
palec,finger
radzę,I advise
muzeum,museum
cierpię,I'm suffering
przyszło,it came
show,show
zmarła,died
walkę,fight
rządu,government
znieść,bear
aresztowany,arrested
julie,Julie
przyjdź,come
ważnego,important
grane,played
sierżant,sergeant
pomóżcie,help
marty,marty
starym,old
dostaje,gets
dupkiem,asshole
pozycję,position
starych,old ones
chuja,dick
piękną,Beautiful
przeczytać,read
odwiedzić,visit
ostrożny,careful
opowiedzieć,tell
kolacji,dinner
podobnie,similarly
weźmiemy,we will take it
klub,club
sa,are
szukałem,I was looking
bycia,being
poważny,serious
talent,talent
braci,brothers
tatą,dad
przyjaciółką,friend
białe,white
załatwione,settled
wiarę,faith
szybki,fast
jeff,jeff
porze,time
łączy,connects
wayne,Wayne
your,your
aie,aie
ksiądz,priest
widzieli,they saw
nancy,nancy
starszy,senior
skończyliśmy,we're done
walczył,he fought
przyjechałem,I arrived
betty,Betty
ważna,important
gwiazda,star
wysokości,height
akcja,share
wszelkie,any
wymiar,dimension
płacą,wages
zaczekajcie,Wait
filmy,movies
sprawiedliwości,justice
zwycięstwo,victory
rozwiązanie,solution
lotu,flight
przenieść,move
mężczyzny,man
that,that
pokaz,show
wydział,department
materiał,material
clark,clark
smakuje,tastes good
swe,theirs
kyle,Kyle
bezpieczeństwo,security
poprosić,ask
michelle,michelle
wdzięczny,grateful
zechce,he wants
wycofać,withdraw
czerwone,red
skończę,I'll finish
bądźcie,be
żywo,live
miejscach,places
walce,fights
rozmawiamy,we are talking
ucieka,runs away
oficer,officer
podpisać,sign
przeze,by
kłamie,he's lying
zaczynasz,you start
umieram,I'm dying
dziennie,daily
królową,queen
skończyło,it's over
wybaczcie,excuse me
dowiem,I will find out
samotny,lonely
misję,mission
istnieją,they exist
kochana,dear
nauczył,taught
stu,hundred
prosi,asks
piwa,beer
snu,sleep
siedzę,I'm sitting
główny,main
zrozumiałeś,you understood
przysłał,he sent
odwróć,reverse
sypialni,bedroom
szczegóły,details
wypuść,let out
niebezpieczny,dangerous
paryżu,paris
londynie,London
dwadzieścia,twenty
dzwonić,call
sensie,sense
sprawach,matters
ślubu,wedding
kolejną,another one
zabity,killed
pociągu,train
poprawki,amendments
wart,worth
styl,style
zamierza,intends to
nakaz,warrant
deszcz,rain
dach,roof
koszmar,nightmare
dobrzy,good ones
maszyny,machines
udaje,pretends
kręci,is spinning
bombę,bomb
załóż,assume
prowadzę,I'm driving
specjalny,special
wiecznie,eternally
tim,tim
wodzie,water
spod,bottom
znany,known
kłopot,trouble
bzdura,nonsense
czekasz,you are waiting
rolę,role
zwrócić,return
ekstra,extra
pozostać,stay
dostaniemy,we will get it
mm,mm
kawa,coffee
włosów,hair
mogły,they could
żadnym,none
robiła,she did
starczy,senile
ciemno,dark
oka,eye
nosa,nose
pogrzeb,funeral
gram,gram
sieci,networks
louis,Louis
swej,his own
kontrolą,control
naturalnie,naturally
zamknięty,closed
podstawie,basis
martwa,dead
musieliśmy,we had to
zajęta,busy
użyj,use
słyszeliście,you heard
odrobinę,a little bit
następnie,then
zejść,get down
skóry,skin
rozmawiał,he talked
wchodzimy,let's go in
maria,maria
love,love
straszny,terrifying
ochronę,protection
konie,horses
słaby,weak
bruce,Bruce
weźmiesz,you will take it
zabieram,I'm taking it
reszty,the rest
roy,Roy
okazja,opportunity
rogu,corner
wieki,centuries
gordon,gordon
przyjedzie,will come
lesie,forest
ratować,save
obiecaj,promise
cole,cole
piętro,floor
zwykły,ordinary
dowiemy,we'll find out
imperium,empire
weźcie,take it
nadzieje,hopes
strata,loss
swą,hers
nienawidzi,hates
zaczynaj,start
przybył,arrived
ludziach,people
zresztą,anyway
klient,Client
zwierząt,animals
artykuł,article
zgadnij,guess
beze,meringue
podnieść,raise
złą,bad
byc,to be
złap,catch
spacer,walk
przyjechać,come
but,shoe
gadaj,talk
kula,ball
pozwolił,he allowed
wyżej,higher
typu,type
kilometrów,kilometers
naszymi,ours
świadków,witnesses
ciele,calf
szacunek,respect
sara,sara
ucieczki,escape
czarne,black
dumna,proud
zajmiemy,we will take care of it
wytłumaczyć,explain
nadejdzie,will come
faktycznie,really
czułam,I felt
agenta,agent
uważajcie,be careful
złych,bad ones
przejście,transition
zapewniam,I assure you
prosimy,please
takimi,like that
man,man
koledzy,friends
śmierdzi,it stinks
rozumiecie,you understand
miesiącu,month
księżyc,moon
silnik,engine
Harvey,Harvey
Sean,Sean
pomimo,despite
wiek,age
rzeczach,things
kurwy,whores
wezwać,call
widzą,they see
Phil,Phil
I'm,Them
zamek,lock
decyzji,decision
zwolnij,Slow
przyjdą,they will come
dostała,she got it
terenie,area
zaczniesz,you will start
fair,fair
amerykanie,Americans
czarna,black
śladów,traces
gwiazdą,star
Molly,Molly
generała,general
cycki,tits
gramy,we're playing
przypomnieć,to remind
świętego,saint
przeczucie,hunch
lecimy,let's go
warunki,conditions
łapy,paws
niemal,almost
powrotu,return
zabierze,will take away
skończysz,you're done
dzieciaku,kid
sztuka,piece
mile,pleasantly
sprawić,make
lepsza,better
podobne,similar
skorzystać,take advantage
sekundy,seconds
kot,cat
Jackie,Jackie
rock,rock
małych,small ones
głośno,loudly
planecie,planet
gaz,gas
zaczynają,they start
szukał,he was looking
smutne,sad
osobiste,personal
obcy,stranger
czwartek,Thursday
wyobraź,imagine
powietrzu,air
granicy,border
pacjent,patient
następna,next
pojęcie,concept
tytuł,title
usłyszałem,I heard
okulary,glasses
zrozum,understand
taylor,taylor
zespołu,team
trzymał,he held
wracajcie,come back
pańskiego,yours
źródło,source
testy,tests
niewinny,innocent
pali,smokes
kalifornii,california
obecność,presence
wojska,army
ilość,quantity
żywy,alive
bawi,entertains
wolisz,you prefer
włóż,insert
sędzia,judge
towarzystwo,company
zainteresowany,interested
niemcy,Germany
minął,passed
pewni,sure
kochałem,I loved
piętrze,floor
oszalałeś,you're crazy
ranka,morning
głównie,mainly
marzenia,dreams
dowiedział,found out
sukces,success
złożyć,fold
fajny,cool
mulder,mulder
zastrzelić,shoot
procent,percent
doświadczenie,experience
idioto,idiot
obóz,camp
grał,played
mac,mother
straciłeś,you lost
zapewnić,to ensure
polu,field
wyjaśnię,I'll explain
obiecałem,I promised
nagranie,recording
wilson,Wilson
szansy,chance
kolacja,Dinner
pewną,certain
picia,drinking
bałagan,mess
biznes,business
zostaliśmy,we stayed
kochany,Dear
glina,clay
uspokoić,calm down
trafił,he hit it
skomplikowane,complicated
koń,horse
wal,shaft
uderzył,hit
czek,check
pas,crimson
płaci,pays
zrozumiesz,you will understand
zostawiła,she left
sobotę,Saturday
przeżył,survived
św,Saint
nazywać,call
połączyć,to combine
wyspy,islands
wychodzimy,we're leaving
rzadko,rarely
odwagi,courage
nazwać,call
powoduje,causes
pozostałych,others
jork,york
nauki,science
zadziała,it will work
pracują,they work
spadamy,we're falling
poznałam,I met
kule,bullets
myśleliśmy,we thought
pozostaje,remains
powiedzcie,tell me
stanowisko,position
sekundę,a second
cena,price
butelkę,bottle
wyślij,send
pańską,yours
przyszłaś,you came
wskazuje,indicates
kończyć,end
telefony,phones
bić,beat
lekarze,doctors
oczami,eyes
zakład,bet
pożyczyć,to borrow
posiada,has
długie,long
chłopaków,boys
nosisz,you wear
zapytam,I'll ask
andrew,andrew
łap,catch
londynu,London
gdyż,because
maszyna,machine
ziemią,earth
uwierzysz,you will believe it
przejdzie,it will pass
tajne,secret
aresztować,arrest
pierścień,ring
dyrektor,director
torbę,bag
mordercą,murderer
wyrzucić,to throw away
kupię,I will buy it
szalone,crazy
barry,Barry
poszli,they went
zabawić,entertain
miejmy,let's
skontaktować,contact
papiery,papers
laski,sticks
sally,sally
zaproszenie,invitation
skórę,skin
dziewczynie,girl
mięso,meat
kontrakt,contract
płacić,pay
miesiąca,month
idealny,ideal
wracasz,you're coming back
morgan,morgan
johnson,johnson
największy,the biggest
zdrowia,health
podłodze,floor
cierpi,suffers
chloe,chloe
morze,sea
puszczaj,let go
jajka,eggs
niebezpieczeństwie,danger
śpisz,you are sleeping
oficjalnie,officially
zacznijmy,let's start
szczęśliwi,happy
tez,Too
zakładam,I assume
stawiam,I bet
głupio,stupid
krzywdy,harm
draniu,bastard
hollywood,hollywood
cudowny,wonderful
odwiedź,visit
zdajesz,you pass
mistrzem,champion
robili,they did
wybrał,chose
powiemy,we will tell
kochają,they love
skurwielu,motherfucker
doświadczenia,experiences
kota,cat
zasięgu,range
jeździć,drive
gorsze,worse
pracą,Work
przesłuchanie,hearing
śladu,trace
ślad,trace
dojść,come
zajmujesz,you occupy
prawem,law
fred,fred
major,major
frankie,frankie
zgłoś,report
wrogów,enemies
duchy,ghosts
el,el
big,big
osiągnąć,to achieve
środki,means
poradzisz,you can do it
głosu,voice
jadą,they're going
pustyni,desert
pokaże,I'll show you
morza,seas
światem,world
dupsko,ass
kolega,friend
choroba,disease
wygrał,won
is,is
poszukać,look
prosiłem,I asked
słyszycie,you hear
odpowiedzialność,responsibility
poprosił,he asked
all,all
niebezpieczeństwo,danger
piosenka,song
liz,lick
umiejętności,skills
pacjenta,patient
ostrzec,warn
postaram,I'll try
wyrok,judgment
romans,romance
kilo,kilo
gardło,throat
prace,works
skurwiel,motherfucker
odbierz,answer
wchodź,come in
pytać,ask
dłoń,hand
choroby,diseases
porozmawiajmy,let's talk
agentem,agent
zabójstwo,murder
dwoma,two
lekarstwo,medicine
wchodzić,enter
rozwiązać,solve
lily,lily
rick,rick
dostaliśmy,we got it
pachnie,smells
frodo,frodo
nogami,legs
odpuść,let it go
jersey,jersey
najwyższy,highest
czuł,he felt
płacz,cry
katie,Katie
pieprzona,fucking
be,be
poczujesz,you will feel it
zostaniemy,we will stay
zaczęli,they started
babciu,Grandma
punktów,points
zwierzę,animal
partner,partner
meczu,match
forsa,bankroll
stworzyć,create
wróg,enemy
lou,lou
kochamy,we love
firmę,company
kapelusz,hat
tyler,Tyler
zagrożenie,danger
żarty,jokes
spodziewałem,I expected
zasługuje,deserves it
zapomnę,I'll forget
każ,order
zamknięta,closed
parker,Parker
ulubiony,favorite
zajmuję,I occupy
wrota,gate
tatę,dad
pacjentów,patients
lady,lady
maggie,Maggie
załatw,deal with
świadkiem,witness
klienta,client
natury,nature
byście,you would
tamtym,that one
doug,doug
wyraźnie,clearly
specjalne,special
twardy,hard
kupę,poop
bogaty,rich
któregoś,someday
doskonały,perfect
numery,numbers
most,bridge
choćby,even
roger,roger
wpływ,influence
cudem,miraculously
głównym,main
pytaj,Ask
przeszkadzam,I'm disturbing
lody,ice-cream
dokonać,make
liczba,number
bohater,character
gorąca,hot
yo,yo
kobiecie,woman
niektórych,some
Edward,Edward
niezupełnie,not exactly
paryża,paris
leć,lie down
panienko,Miss
stół,table
zapraszam,I invite
st,st
pomagać,help
pożegnać,bid farewell
rozmawiałeś,you talked
dowiedziałem,I found out
źródła,sources
przyniosłem,I brought it
mleko,milk
baru,bar
wtorek,Tuesday
pamiętajcie,remember
trzeciej,three
przyjęcia,parties
głodu,hunger
rzucił,he threw
głodna,hungry
rozmawiałam,I talked
podjąć,take
chcielibyśmy,we would like to
zadzwoni,will call
bolało,it hurt
jakichś,some
chcieć,to want
dużego,big
linię,line
opowieść,story
konto,account
obiekt,object
dłoni,hand
bezpieczni,safe
porozmawiam,I'll talk
mili,nice
wsparcia,support
poznaliśmy,we met
pomysły,ideas
opowiem,I'll tell you
dziewczyno,girl
typ,type
płaszcz,coat
ho,ho
dziwką,whore
powody,grounds
dean,Dean
Francisco,Francisco
warta,guard
wejdzie,will come in
bal,ball
wyjdziemy,we'll leave
dusza,soul
kazałem,I ordered it
okręt,ship
kup,buy
ukraść,steal
mówicie,you say
powtórzyć,to repeat
mr,Mr
ofiarą,victim
samemu,alone
pola,flap
pomyślał,he thought
uratował,saved
dojdzie,it will come
howard,Howard
zapomniał,he forgot
armię,army
umowy,contracts
huh,Huh
praktycznie,practically
trafić,hit
próbują,they try
Buffy,Buffy
opuścił,left
przyjąłem,I accepted
ruszajcie,go
miliona,million
victor,victor
linia,line
dzwoniła,she called
zarobić,earn
komputera,computer
kawałków,pieces
pocałować,kiss
kłamstwa,lies
odnośnie,with regard
szampana,champagne
laska,grace
adwokata,lawyer
ulicę,street
nauczyłem,I taught
słucha,listens
rozumiemy,we understand
zginęli,they died
noga,leg
jebany,fucking
zmianę,change
znalazłaś,you found it
szeryf,sheriff
wynik,result
przychodzą,they come
pomówić,talk
Paula,Paul
przyszli,they came
przestał,stopped
płakać,cry
poważna,serious
pocałuj,kiss
żal,regret
mamusia,mommy
obowiązek,duty
drzwiach,door
kłamać,to lie
weźmie,will take
ctu,ctu
powiedziałbym,I would say
kapitanem,captain
wirus,virus
wychodzisz,you're leaving
wielkich,great ones
garnitur,suit
prezydentem,president
zginiemy,we will die
senator,senator
mać,mother
wściekły,furious
pytał,he asked
pełną,full
sprzedaż,sale
ubranie,clothes
wojsko,army
oddzwonię,I'll call you back
randka,date
porę,time
więzienie,prison
zachowujesz,you keep
niebieski,blue
kupa,heap
abby,Abby
wydziału,faculty
skończyłeś,you're done
pewnej,certain
naprawde,Really
zginęła,she died
gary,gary
toalety,toilets
momentu,moment
pojechał,he went
maja,May
sprowadza,brings
wbrew,against
wzięła,she took it
skończ,finish
tekst,text
wydać,spend
marzenie,dream
pracowników,employees
obcych,aliens
grze,game
taksówkę,taxi
rozmawia,talking
wiedząc,knowing
baby,baby
idiotą,idiot
planetę,planet
lotnisku,airport
któryś,one
złaź,get down
zaczną,they will start
zajęło,it took
podejrzany,suspicious
niespodziankę,surprise
jezusa,Jesus
krótko,short
telefonów,phones
tajemnica,mystery
wyciągnij,pull it out
następną,next
lista,list
pożar,fire
dosłownie,literally
mowa,speech
Marie,Marie
napad,attack
poniżej,below
łazience,bathroom
dziwko,bitch
scenę,scene
kumpla,buddy
ważniejsze,more important
piekle,hell
ostro,sharply
szalona,crazy
świadka,witness
ślepy,blind
Donna,Donna
zdolności,abilities
kamerę,camera
anioł,angel
sny,dreams
dziurę,hole
linie,lines
uniknąć,avoid
baw,fun
wyspę,island
ciepło,warm
portfel,wallet
pierdolę,fuck
kiepsko,poorly
śpiewać,sing
załogi,crew
słodka,sweet
życzenie,wish
patrick,patrick
zaufanie,trust
stanąć,stand
spóźnienie,late
resztą,rest
biegiem,running
wpadłem,I fell in
lekcje,lessons
policjant,policeman
wyjątkowy,exceptional
każdemu,everyone
kółko,circle
zostańcie,stay
któremu,which
karierę,career
podejść,approach
kurczaka,chicken
jedz,eat
strzały,shots
zastrzel,shoot
przetrwać,survive
odchodzę,I'm leaving
skarb,treasure
ukrywa,hides
zostawiłeś,you left
dowodzi,commands
niesamowity,incredible
up,up
podejrzanego,suspect
rządzi,rules
gorące,hot
ruszyć,move
poznał,he recognized
telewizor,TV set
przerwać,stop
carlos,Carlos
trzecia,third
em,em
zamienić,replace
prawnikiem,lawyer
największym,the biggest
kontrola,control
białego,white
mordercy,murderers
poziomie,level
komórkę,cell phone
wartości,values
for,for
mocniej,harder
zmian,changes
sprawdzam,I'm checking
błędy,mistakes
data,date
skończyłam,I finished
lekko,slightly
stron,pages
ryzykować,risk
miss,miss
kutas,dick
siłą,force
spotkaniu,meeting
nóg,legs
boją,buoy
pieniędzmi,money
pojawi,will appear
wyłącznie,only
start,start
przypominam,I remind you
fantastycznie,fantastically
składa,folds
partnera,partner
godzinie,hour
burza,storm
zielone,green
towarzystwa,company
samochodów,cars
ciasto,cake
pary,couples
tłum,crowd
zmierza,is heading
przeszedł,passed
marcus,Marcus
opieki,care
uważają,they think
szeryfa,sheriff
bok,side
winna,guilty
spał,he was sleeping
obaw,concerns
jedźmy,let's go
myślałaś,you thought
nazwał,he called
skupić,focus
ruszajmy,let's go
pańskim,yours
puścić,let go
robiliśmy,we did
miller,Miller
wyjechał,he left
taak,yeah
rośnie,is growing
kradzież,theft
poczuć,feel
zwolnić,slow down
miejscem,place
ameryka,America
rachunki,bills
Jesse,Jesse
Sophie,Sophie
baza,base
zwariowałeś,you're crazy
upewnij,make sure
dziecku,child
próbujemy,we're trying
niedzielę,Sunday
wrażeniem,impressed
nadzieja,hope
nastroju,mood
odsunąć,move away
napisałem,I wrote
miłością,love
tracy,tracy
herbatę,tea
piosenki,songs
czarną,black
wstań,get up
miles,miles
przespać,sleep
zachowywać,behave
bywa,sometimes
jednocześnie,simultaneously
zasilanie,power supply
podłogę,floor
książce,book
twojemu,yours
przychodzić,come
firmie,company
dick,dick
roli,role
dziury,holes
wchodzisz,you come in
ciężka,heavy
zadania,tasks
praw,rights
obudzić,awaken
zebrać,beg
spadł,fell
słusznie,rightly
alfa,alpha
pada,it's raining
zabawę,fun
spojrzenie,look
wyłaź,exit
przemocy,violence
powiedziano,said
przestrzeni,space
schowaj,hide
skup,purchase
honor,honor
ścianie,wall
kuzyn,cousin
włącz,turn on
kanał,canal
Catherine,Catherine
dzieciom,children
lepszym,better
wzdłuż,along
cooper,Cooper
babci,grandma
wspaniałą,wonderful
bałem,I was afraid
karta,card
butów,shoes
zabiera,takes away
potwór,monster
kina,cinemas
drogie,expensive
zadaniem,task
mieliście,you had
uciekajcie,run away
wiedzieliśmy,we knew
cele,goals
płacę,I pay
przeszkadzać,to disturb
pytałem,I asked
Vincent,Vincent
mistrza,master
krzyczeć,scream
domów,houses
sposobem,way
ciuchy,clothes
kiepski,bad
zniknęła,disappeared
kamera,camera
uwielbia,loves it
wrócą,they will come back
podobają,they like it
ludzkości,humanity
uderzyć,hit
pokazuje,shows
zostałam,I stayed
straty,losses
zmieniła,changed
torby,bags
rękami,hands
papierosa,cigarette
stworzył,created
wujka,uncle
dotknąć,touch
mylę,I'm wrong
księcia,prince
złotko,honey
kolejnego,next one
dennis,dennis
angela,Angela
troche,A bit
każe,orders
książek,books
wysłałem,I sent it
teoria,theory
granicę,border
dostarczyć,deliver
piszę,I'm writing
ścianę,wall
zdolny,capable
paliwa,fuel
miałabym,I would
usunąć,to remove
tys,thousand
penny,penny
so,Sat
dowiesz,you'll find out
planem,plan
próbę,trial
umierać,die
dziadku,Grandpa
licha,damn
agentów,agents
obozu,camp
ryba,fish
spust,trigger
plotki,gossip
ustalić,to establish
podobny,similar
obecności,presence
padnij,fall down
kolei,railway
uderzenie,hit
siedź,sit
przeprowadzić,carry out
beth,Beth
puste,empty
west,west
zjedz,eat
porno,porn
dziwki,whores
zaczęliśmy,we started
psem,dog
szyi,neck
żyła,vein
starą,old one
wysokie,high
porządek,order
poddać,surrender
magii,magic
małżeństwa,marriages
idealne,perfect
wyglądała,she looked
pracowała,she worked
lasu,forest
dołączyć,join
przygotujcie,prepare
dokończyć,to finish
powierzchni,surface
oku,eye
przechodzi,passes
wygrywa,wins
fajna,cool
prędkość,speed
pierścionek,ring
julia,Julia
pilot,pilot
swych,their own
większości,majority
centów,cents
nocą,at night
statki,ships
zatrzymał,stopped
drań,bastard
dvdrip,dvdrip
spotykać,meet
planów,plans
agencji,agency
spada,falls
silna,strong
bierzemy,we take it
zgadnę,I'll guess
zaskoczony,surprised
zapłacisz,you will pay
abyśmy,so that we
chore,sick
pozostali,the rest
lekarstwa,medicines
greg,greg
znoszę,I can stand it
wyślę,I will send it
wybierz,choose
helikopter,helicopter
wideo,video
pudełko,box
humoru,humor
stoję,I'm standing
zapłaci,will pay
zasnąć,fall asleep
rozum,reason
planeta,planet
lodu,ice
spróbujmy,let's try
tunel,tunnel
włączyć,to turn on
pojedziesz,you will go
kościele,church
sprawdziłem,I checked
zmieniają,they change
brown,brown
przestaniesz,you will stop
rocky,rocky
poznaj,meet
whisky,whiskey
dowódca,commander
pewności,certainty
pozostałe,the remaining
opowieści,stories
byłbyś,you would be
pokazał,showed
zabójcy,killers
zabicie,killing
garażu,garage
chodzisz,you walk
mięsa,meat
powstrzyma,will stop
skurwysyn,bastard
ufasz,you trust
ptak,bird
kieruje,directs
inspektorze,Inspector
różnicy,difference
wychodź,leave
próbki,samples
decyzje,decisions
pułapka,trap
samotna,lonely
ostrzeżenie,warning
bezpośrednio,directly
przyszliśmy,we came
zamku,castle
interesów,interests
wzrok,sight
dzwoniłem,I called
chrystusa,Christ
wezwij,call
wrogiem,enemy
wskakuj,jump in
uczuć,feelings
earl,earl
ogromne,huge
właścicielem,owner
sukienkę,dress
stanowiska,positions
anne,Anne
potrzebowała,she needed
miłej,have a nice time
gazu,gas
ego,ego
piłka,ball
sprowadzić,bring
sieć,network
odchodź,go away
gwiazd,stars
śnie,dream
powtórz,repeat
płynie,flows
sprawiedliwość,justice
propozycję,proposal
dałam,I gave it
kara,penalty
zbieg,fugitive
zwłoki,corpse
nadchodzą,they are coming
zwykłe,usually
skrzydła,wings
fakty,facts
zgubiłem,I lost it
żywego,alive
samolocie,plane
pierdolone,fucking
lecę,I'm flying
palić,burn
biorą,they take
ochoty,willingness
lato,summer
strój,outfit
plecami,back
liczby,numbers
członków,members
biurku,desk
laura,Laura
róbcie,do it
mieszkał,lived
chodzę,I'm walking
stacja,station
wybieram,I choose
umierają,they die
próby,trials
rozmawiasz,you are talking
starej,old one
wariat,lunatic
odwal,fuck off
wspaniałym,wonderful
przekaż,message
dług,debt
lód,ice
liczę,I'm counting
kobietami,women
czoła,forehead
obiecałeś,you promised
próbowałeś,you tried
pilnować,watch
służy,serves
spierdalaj,fuck off
zabójstwa,murders
tył,back
wiedzy,knowledge
gniew,anger
skacz,jump
wirusa,virus
rodzicami,parents
hałas,noise
głupiego,stupid
miewa,happens
zabierzemy,we'll take it
odwagę,courage
kontaktu,contact
dużym,big
postaraj,try
poczta,post
przyjemności,pleasures
wysiadaj,get off
wioski,villages
wyszedłem,I left
zauważył,he noticed
vince,Vince
właź,hatch
kierowca,driver
zapłacił,he paid
rzymu,Rome
niżej,lower
ledwie,hardly
patrząc,looking
alkohol,alcohol
pragnie,desires
otworzę,I'll open it
pieprzoną,fucking
przeprosiny,apology
teddy,teddy
młodą,young
ofertę,offer
strażników,guards
przestanie,it will stop
sercem,heart
trupem,dead
zginiesz,you will die
zaprosić,invite
dzielnicy,district
karetkę,ambulance
emeryturę,retirement
nożem,knife
don't,don't
przyprowadź,bring
king,king
delikatnie,gently
prochy,ashes
próbowała,she tried
dżungli,jungle
nastąpi,will happen
megan,Megan
nazywamy,we call
dzieło,work
czytasz,you are reading
connor,Connor
zginęło,died
ludzkiej,human
jednakże,however
fox,fox
prowadził,he was driving
niezwykle,extremely
dało,it gave
dziewczynką,girl
lord,lord
wygra,will win
pozycje,items
zemsty,revenge
spróbujemy,we'll try
ogromny,huge
zdrowy,healthy
historie,stories
skok,jump
punkty,points
prawnik,lawyer
bitwy,battles
cieszy,happy
wymyślić,come up with
wręcz,downright
języka,language
oczekuję,I expect
toast,toast
jennifer,jennifer
rozdział,chapter
każę,I order
przynosi,brings
gruby,fat
straż,guard
myślała,she thought
robiłam,I did
zamknijcie,close
ian,ian
znaleźliście,you found it
przestępstwo,offense
rozpocząć,start
cięcie,cutting
zajebiście,awesome
nadaje,suitable
konta,accounts
trzecie,third
bogów,gods
domyślam,I guess
taśmę,tape
lekcji,lesson
wierzą,they believe
powodem,reason
dotykać,touch
brał,he took
żartowałem,I was joking
sid,sid
get,get
wygrałem,I won
wprowadzić,to introduce
dzieciaków,kids
dłonie,hands
zobaczą,they will see
panny,girls
ni,ni
śmiesz,you dare
nazwa,name
ciał,bodies
proponuję,I suggest
spokojny,quiet
wizytę,visit
madame,madam
jamie,jamie
członkiem,member
wolnego,free time
zastrzelił,he shot
hot,hot
martwisz,you are worried
podzielić,to divide
symbol,symbol
głosy,voices
snów,dreams
kolesia,dude
stoisz,you are standing
pusty,empty
charlotte,Charlotte
zauważyłeś,you noticed
mordę,face
znajomych,friends
badanie,test
logan,logan
zrobiliście,you did
zostajesz,you stay
tamtą,that one
audrey,audrey
obowiązki,duties
bum,boom
zmusić,force
dziecinko,baby
know,know
świetle,light
panienki,ladies
skurwysynu,motherfucker
opuść,leave
załoga,crew
młodych,young
tunelu,tunnel
postać,character
wybuch,explosion
gapisz,you stare
sonny,sonny
bauer,Bauer
ładunek,load
zazdrosny,jealous
michaela,Michael
jen,yen
większą,bigger
podobnego,similar
walcz,fight
pocałunek,kiss
białym,white
jo,yo
uczy,teaches
klasa,class
zwolniony,released
walczy,fights
słyszeliśmy,we heard
zachowuje,preserves
przyznaję,I admit it
ron,ron
powtarzać,to repeat
hm,hmm
stałem,I stood
rozmiar,size
ekipa,team
pam,memoriam
daisy,Daisy
szczyt,peak
cudowna,wonderful
grupę,group
przyjęciu,party
ciężarówki,trucks
bije,beats
black,black
filmów,movies
wstrzymać,stop
specjalnego,special
zębów,teeth
wyścig,race
lubiłem,I liked it
sprawdźcie,check it out
smak,taste
papier,paper
diabli,hell
napijesz,you will drink
bramę,gate
spytaj,ask
żarcie,grub
wstawać,get up
pozostanie,stay
zrobiło,it did
bazie,base
żołnierz,soldier
złamać,break
śnieg,snow
włożyć,put in
skóra,skin
jacy,what
wyspa,island
pieprzonym,fucking
with,with
próbując,trying
dostępu,access
racje,right
nauka,science
patrzył,he looked
cm,cm
josh,Josh
władze,authorities
wybaczy,I'll forgive you
straciłam,I lost it
przejąć,take over
miałbyś,you would have
bogowie,gods
przybycie,arrival
zgodził,agreed
carol,Carol
zdania,sentences
zostawiaj,leave
świeże,fresh
stolik,table
kość,bone
prawnika,lawyer
poczekajcie,wait
wagi,weights
przyjechałeś,you came
próbować,to try
it's,it's
wieży,bonds
model,model
dupa,ass
drobne,small
pij,drink
słuchu,hearing
wygrałeś,you won
znaki,signs
poradzimy,we will advise
siedmiu,seven
wygląd,appearance
informację,information
domy,houses
trzymają,they hold
skończone,finished
kimkolwiek,anyone
zmieniać,change
oskarżony,accused
junior,junior
gościu,guest
ściśle,close
brachu,bro
mapę,map
wyrwać,break out
ann,ann
zaginął,is missing
oczekuje,expects
kumple,buddies
transport,transport
komandorze,Commander
wybiera,chooses
obrzydliwe,disgusting
myśleli,they thought
bohatera,hero
umysłu,mind
jill,jill
otwierać,open
psów,dogs
blue,blue
stań,condition
zwykła,ordinary
samoloty,planes
zaczynać,start
przeraża,scary
wrócili,they came back
okropny,terrible
kupy,poop
spotkał,met
odwrócić,reverse
white,white
wracajmy,let's go back
ślubie,wedding
whoa,whoa
prezenty,presents
właściciel,owner
morzu,sea
sprawdźmy,let's check
małżeństwem,marriage
normalny,normal
popełnił,he committed
poważnego,serious
następnej,next
księżniczka,princess
związane,related
palant,jerk
uciekła,she ran away
zdenerwowany,upset
pośród,among
znajdziecie,you will find
uderz,hit
marshall,Marshall
zbadać,examine
doktorku,Doc
wyobrażasz,you imagine
cieszyć,enjoy
poczekam,I'll wait
koncert,concert
całość,whole
rosji,Russia
ceny,prices
popatrzcie,look
większego,bigger
głównej,main page
góra,Mountain
dziesięciu,ten
numeru,number
postaw,attitudes
randy,Randy
potrzebujecie,you need
wygodnie,comfortable
niesamowita,amazing
porozmawiaj,talk
tymczasem,meanwhile
wraith,wraith
pojawia,appears
stracisz,you will lose
byl,was
próbowali,they tried
wzięli,they took it
twe,yours
bawisz,you're having fun
postaci,characters
połącz,connect
zrobiłbym,I would
niezwykłe,extremely
ulicach,streets
brad,brad
zeznania,testimony
oświadczenie,statement
przyjechała,she arrived
prowadzą,they lead
stali,steel
odpowiedni,right
stołu,table
przyszły,future
policjantem,policeman
spędziłem,I spent
największe,the biggest
martwe,dead
scully,scully
nathan,nathan
świetnym,great
przepraszamy,We apologize
spałem,I was sleeping
odejdę,I'll leave
osobie,person
powrocie,returning
tyłka,ass
występ,performance
formie,form
strażnik,guard
namierzyć,trace
nienawidzisz,you hate
przekonany,convinced
wejdziesz,you will come in
potter,Potter
obserwować,observe
zobaczyłam,I saw it
świetną,great
królowej,the queen
zaledwie,barely
oba,both
doskonałe,excellent
zawiera,contains
traci,loses
gada,talks
zgłosić,to report
zjemy,we will eat
panów,gentlemen
zaatakował,attacked
dziewczęta,girls
potwierdzić,to confirm
spotykamy,we meet
jacyś,some
bani,sucks
aparat,apparatus
niesamowicie,amazing
allplayer,allplayer
ramiona,arms
młodego,young
powiedzą,they will say
tańca,dance
przeczytaj,read
wyzwanie,challenge
skończymy,we'll finish
jednostka,unit
grzeczny,good
zaczęłam,I started
pijesz,you drink
zabierzesz,you will take it
tamto,that
sprzed,sold
kurcze,chicken
wątpienia,doubt
usług,services
dusze,souls
koszulę,shirt
zaufania,trust
wyjeżdżam,I'm leaving
oj,oh
prąd,current
motelu,motel
obszar,area
śpij,sleep
tatusia,daddy
sprzedaje,sells
złapał,caught
kurewsko,fucking
wielkości,size
przestrzeń,space
mogliby,they could
grają,they play
matthew,matthew
nazwę,name
pozostało,left
zielony,green
czarnych,blacks
cień,shade
dostaję,I get it
spotyka,meets
chorobę,disease
paige,Paige
kopię,copy
więźniów,prisoners
pogoda,weather
przewagę,advantage
służbie,service
księżyca,moon
floty,fleet
silniki,engines
psie,dog
wieczora,evening
obozie,camp
próbowaliśmy,we tried
potwora,monster
strzela,shoots
zoo,zoo
bingo,bingo
se,se
jem,I eat
wzajemnie,Mutually
wyrzuć,throw away
zimna,cold
linda,Linda
wydajesz,you spend
stworzenia,creatures
skończona,finished
laskę,cane
przejdźmy,let's go
dodać,to add
zrozumiał,he understood
młodzi,young
żołnierzem,soldier
nicky,Nicky
brzuch,Belly
radości,joy
scenie,stage
dobro,good
ptaki,birds
dodatkowe,additional
spotkałam,I met
urocze,adorable
przyniesie,will bring
dostajesz,you get
zwykłym,ordinary
reguły,rules
czytam,I'm reading
autobusu,bus
znajdźcie,find
legenda,legend
buddy,Buddha
nauczyłeś,you taught
zgodzić,agree
like,like
spalić,burn
systemy,systems
drużynie,team
wisi,hanging
szukaj,search
przeżyje,will survive
zatrzyma,will stop
metra,subway
dno,bottom
dostałaś,you got it
spróbuje,I'll try
rosjanie,Russians
odbiera,answers
derek,Derek
otwarcie,openly
ellie,ellie
wyjątkowo,exceptionally
lud,people
przedstawię,I will present
wypuścić,release
dnie,bottom
udawaj,pretend
imieniem,name
rozmów,conversations
amerykanów,Americans
chuj,dick
sądziłam,I thought
tracimy,we are losing
pasują,they fit
tracę,I'm losing
shaw,shaw
minie,will pass
musiałaś,you had to
litości,Mercy
załatwił,arranged
tracisz,you are losing
nielegalne,illegal
prv,prv
walizkę,suitcase
kurczę,chicken
południowej,south
twierdzą,fortress
pilota,pilot
dorwać,get it
sztukę,art
niedorzeczne,ridiculous
zrozumiałam,I understood
stark,stark
należą,they belong
odwrót,retreat
poszukiwania,search
sok,juice
nerwy,nerves
martwego,dead
geniuszem,genius
leżeć,to lie
spadam,I'm falling
źli,bad
hasło,password
przyjaźń,friendship
europie,Europe
dziadka,grandfather
nauczysz,you will teach
elliot,elliot
dotrze,will arrive
zależało,cared
największą,the biggest
cholerna,damn
myślimy,we think
wycieczkę,trip
dziewczynkę,girl
dzisiejszy,today
Lincoln,Lincoln
racji,right
Diego,Diego
Lewis,Lewis
piję,I drink
policjantów,policemen
zabrała,she took it
interesach,business
śmieszny,funny
napewno,Definitely
szczury,rats
radzisz,you advise
prawdziwej,real
magazyn,warehouse
bla,blah
światu,to the world
dadzą,they will give
poczułem,I felt
taaa,yeah
hill,hill
przyjadę,I'll come
kuli,ball
papierosy,cigarettes
tacie,dad
otwarty,open
sprawi,will make
martwych,dead
dziwna,strange
this,this
lubił,he liked
szczęśliwego,happy
ulubione,favorite
zostaję,I'm staying
zaczęły,they started
urodzin,birthday
piper,piper
ostrzegam,I'm warning you
potężny,powerful
zabójcą,killer
września,September
krótkie,short
wybuchnie,will explode
niezłą,not bad
policjanta,policeman
żywcem,alive
bylo,was
kasa,cash register
trafi,will hit
radzi,advises
zakończenie,end
pogodzić,reconcile
twierdzisz,you claim
spotkajmy,let's meet
kumplem,buddy
najgorszy,the worst
maskę,mask
uroczy,cute
zrozumie,will understand
wydał,spent
czarnym,black
garść,handful
ustach,mouth
jeździ,drives
dowodu,proof
zgodę,consent
zmieniłem,I changed it
odległość,distance
właściwe,appropriate
karę,punishment
udziału,share
pamiętacie,you remember
ocean,ocean
enterprise,enterprise
holly,Holly
poszłam,I went
prosta,straight
tyiko,only
pomyślę,I'll think about it
wszelki,any
zmieniłeś,you changed
przejdziemy,we'll get through
ratunku,rescue
zrobicie,you will do it
pasy,belts
noszę,stretcher
większa,bigger
zakochany,in love
parkingu,parking lot
zeby,To
cios,blow
Scotty,Scotty
chodzą,they walk
trening,training
nowo,newly
państwu,you
Ripley,Ripley
radość,joy
poznałeś,you met
wejścia,entrances
umieścić,put
chodził,he walked
niebezpieczna,dangerous
królestwo,kingdom
sposobu,way
Ricky,Ricky
wywiadu,interview
pragniesz,you want
idziecie,you're going
wydarzy,will happen
dym,smoke
idealna,perfect
złapią,they will catch
dzwonisz,you call
obiecał,he promised
samotnie,alone
tatuaż,tattoo
przyniósł,brought
pecha,bad luck
guzik,button
grałem,I played
sprzeciw,opposition
programie,program
żołnierzu,soldier
dbam,I care
wróciłam,I'm back
krzesło,chair
lenny,fief
klatce,cage
tożsamość,identity
niebieskie,blue
procesu,process
bzdur,nonsense
świadek,witness
organizacji,organization
nogach,legs
dzisiejszego,today
częściej,more often
białych,whites
zajął,took
pewnych,certain
przeciwnie,contrary
davida,david
głośniej,louder
wzywa,calls
wyobrażam,I imagine
lepszą,better
czarnego,black
waż,snake
banda,band
zostawisz,you will leave
nisko,low
chleb,bread
wyjaśnia,explains
ooh,ooh
dzielić,to divide
dotrzemy,we will arrive
diabeł,devil
ćwiczenia,exercises
użył,used